{
  "binary": {
    "Random": {
      "auc": 0.5028800367621137,
      "logloss": 0.6931471779354927,
      "accuracy": 0.5033250997529926,
      "brier": 0.25,
      "n": 21052,
      "fit_seconds": 3.814697265625e-06
    },
    "TrophyOnly": {
      "auc": 0.49648234031858496,
      "logloss": 0.6931620001425635,
      "accuracy": 0.5081702451073532,
      "brier": 0.250007411536967,
      "n": 21052,
      "fit_seconds": 0.008992195129394531
    },
    "Global": {
      "auc": 0.6548608191097719,
      "logloss": 0.6596260241115777,
      "accuracy": 0.6041231236937108,
      "brier": 0.23368600285256286,
      "n": 21052,
      "fit_seconds": 0.1190941333770752
    },
    "ModeMap": {
      "auc": 0.6965282243665866,
      "logloss": 0.635575348004273,
      "accuracy": 0.6360440813224397,
      "brier": 0.22259943980217758,
      "n": 21052,
      "fit_seconds": 0.3571953773498535
    },
    "LightGBM": {
      "auc": 0.7297707559385627,
      "logloss": 0.5988275709619302,
      "accuracy": 0.6558046741402243,
      "brier": 0.20796309034686783,
      "n": 21052,
      "fit_seconds": 10.543250799179077
    }
  },
  "topk_all": {
    "Random": {
      "n_evaluated": 2500,
      "hit_at": {
        "1": 0.0032,
        "3": 0.0228,
        "5": 0.0452,
        "10": 0.092
      },
      "mrr": 0.04615456690840706,
      "mean_rank": 49.5232,
      "median_rank": 49.0,
      "win_rate_overall": 0.5108,
      "win_uplift_topk": {
        "1": 0.125,
        "3": 0.3684210526315789,
        "5": 0.4778761061946903,
        "10": 0.45652173913043476
      },
      "n_legal_candidates_mean": 97.29
    },
    "TrophyOnly": {
      "n_evaluated": 2500,
      "hit_at": {
        "1": 0.0,
        "3": 0.0,
        "5": 0.0016,
        "10": 0.0088
      },
      "mrr": 0.018174018362844234,
      "mean_rank": 70.6188,
      "median_rank": 77.0,
      "win_rate_overall": 0.5108,
      "win_uplift_topk": {
        "1": NaN,
        "3": NaN,
        "5": 0.0,
        "10": 0.09090909090909091
      },
      "n_legal_candidates_mean": 97.29
    },
    "Global": {
      "n_evaluated": 2500,
      "hit_at": {
        "1": 0.006,
        "3": 0.1884,
        "5": 0.1936,
        "10": 0.2248
      },
      "mrr": 0.12651878123380175,
      "mean_rank": 34.9684,
      "median_rank": 27.0,
      "win_rate_overall": 0.5108,
      "win_uplift_topk": {
        "1": 0.7333333333333333,
        "3": 0.6157112526539278,
        "5": 0.6177685950413223,
        "10": 0.5889679715302492
      },
      "n_legal_candidates_mean": 97.29
    },
    "ModeMap": {
      "n_evaluated": 2500,
      "hit_at": {
        "1": 0.008,
        "3": 0.062,
        "5": 0.1532,
        "10": 0.2
      },
      "mrr": 0.08600802599231551,
      "mean_rank": 34.5424,
      "median_rank": 31.0,
      "win_rate_overall": 0.5108,
      "win_uplift_topk": {
        "1": 0.6,
        "3": 0.6516129032258065,
        "5": 0.6344647519582245,
        "10": 0.606
      },
      "n_legal_candidates_mean": 97.29
    },
    "LightGBM": {
      "n_evaluated": 2500,
      "hit_at": {
        "1": 0.1504,
        "3": 0.194,
        "5": 0.2248,
        "10": 0.2932
      },
      "mrr": 0.20491034953926732,
      "mean_rank": 36.1712,
      "median_rank": 31.0,
      "win_rate_overall": 0.5108,
      "win_uplift_topk": {
        "1": 0.625,
        "3": 0.6247422680412371,
        "5": 0.6174377224199288,
        "10": 0.5907230559345157
      },
      "n_legal_candidates_mean": 97.29
    }
  },
  "topk_winners_only": {
    "Random": {
      "n_evaluated": 2500,
      "hit_at": {
        "1": 0.0012,
        "3": 0.0176,
        "5": 0.0396,
        "10": 0.09
      },
      "mrr": 0.0432513936053041,
      "mean_rank": 48.984,
      "median_rank": 48.0,
      "win_rate_overall": 1.0,
      "win_uplift_topk": {
        "1": 1.0,
        "3": 1.0,
        "5": 1.0,
        "10": 1.0
      },
      "n_legal_candidates_mean": 97.2744
    },
    "TrophyOnly": {
      "n_evaluated": 2500,
      "hit_at": {
        "1": 0.0,
        "3": 0.0,
        "5": 0.0004,
        "10": 0.0056
      },
      "mrr": 0.01580326163251763,
      "mean_rank": 76.2708,
      "median_rank": 87.0,
      "win_rate_overall": 1.0,
      "win_uplift_topk": {
        "1": NaN,
        "3": NaN,
        "5": 1.0,
        "10": 1.0
      },
      "n_legal_candidates_mean": 97.2744
    },
    "ModeMap": {
      "n_evaluated": 2500,
      "hit_at": {
        "1": 0.0152,
        "3": 0.098,
        "5": 0.2232,
        "10": 0.2856
      },
      "mrr": 0.11668274811771258,
      "mean_rank": 28.8612,
      "median_rank": 23.0,
      "win_rate_overall": 1.0,
      "win_uplift_topk": {
        "1": 1.0,
        "3": 1.0,
        "5": 1.0,
        "10": 1.0
      },
      "n_legal_candidates_mean": 97.2744
    },
    "LightGBM": {
      "n_evaluated": 2500,
      "hit_at": {
        "1": 0.2104,
        "3": 0.2792,
        "5": 0.3128,
        "10": 0.3888
      },
      "mrr": 0.27635259509166943,
      "mean_rank": 29.6832,
      "median_rank": 21.0,
      "win_rate_overall": 1.0,
      "win_uplift_topk": {
        "1": 1.0,
        "3": 1.0,
        "5": 1.0,
        "10": 1.0
      },
      "n_legal_candidates_mean": 97.2744
    }
  }
}