{
  "vanilla": {
    "subset_size": 3,
    "myth_logloss": {
      "form": "L(N) = E + A * N^(-alpha)",
      "E": 0.6712309656607104,
      "A": 10.063313757709098,
      "alpha": 0.5819220535185395,
      "rmse": 1.88489614192102e-11,
      "rss": 1.0658500397486237e-21,
      "n_points": 3,
      "dof": 0,
      "fitted": [
        0.6784806200019474,
        0.6757322236863138,
        0.6728579202205871
      ],
      "observed": [
        0.6784806200159537,
        0.6757322236591737,
        0.6728579202321237
      ],
      "N": [
        251233.0,
        569857.0,
        3275265.0
      ],
      "ok": true
    },
    "myth_one_minus_auc": {
      "form": "L(N) = E + A * N^(-alpha)",
      "E": 0.38456519719449656,
      "A": 41.074667534748244,
      "alpha": 0.6068501427370567,
      "rmse": 2.92342117817982e-10,
      "rss": 2.5639174155090857e-19,
      "n_points": 3,
      "dof": 0,
      "fitted": [
        0.4062690457416372,
        0.39776862534654067,
        0.38913393065594065
      ],
      "observed": [
        0.4062690459547478,
        0.3977686249318706,
        0.38913393085348646
      ],
      "N": [
        251233.0,
        569857.0,
        3275265.0
      ],
      "ok": true
    },
    "all_logloss": {
      "form": "L(N) = E + A * N^(-alpha)",
      "E": 0.5560857415201043,
      "A": 485165052.66769046,
      "alpha": 1.8864219621346827,
      "rmse": 0.0009196662057152307,
      "rss": 2.5373577898039475e-06,
      "n_points": 3,
      "dof": 0,
      "fitted": [
        0.5876406013802706,
        0.562816845994453,
        0.5563342753595711
      ],
      "observed": [
        0.5879127960676903,
        0.5615793352709696,
        0.557299591396529
      ],
      "N": [
        251233.0,
        569857.0,
        3275265.0
      ],
      "ok": true
    },
    "all_one_minus_auc": {
      "form": "L(N) = E + A * N^(-alpha)",
      "E": 0.23133839367030234,
      "A": 485164957.9646302,
      "alpha": 1.8889819782835517,
      "rmse": 0.0010030821708223014,
      "rss": 3.0185215242647416e-06,
      "n_points": 3,
      "dof": 0,
      "fitted": [
        0.26190462442754525,
        0.23784495298091138,
        0.23157756345257655
      ],
      "observed": [
        0.26220088248666706,
        0.2364953939148161,
        0.23263086446073622
      ],
      "N": [
        251233.0,
        569857.0,
        3275265.0
      ],
      "ok": true
    }
  },
  "kitsink": {
    "subset_size": 5,
    "myth_logloss": {
      "form": "L(N) = E + A * N^(-alpha)",
      "E": 0.6722651549402191,
      "A": 93.6601343398143,
      "alpha": 0.8081773968183675,
      "rmse": 0.00025240570327010077,
      "rss": 3.1854319521637074e-07,
      "n_points": 5,
      "dof": 2,
      "fitted": [
        0.6762562058715372,
        0.6743361970313444,
        0.6734969007705209,
        0.673187702100179,
        0.6727719038740179
      ],
      "observed": [
        0.6762998786714866,
        0.6741651614450079,
        0.6733863292126768,
        0.6736579882359238,
        0.6725395515745035
      ],
      "N": [
        255745.0,
        575873.0,
        1095361.0,
        1566337.0,
        3287297.0
      ],
      "ok": true
    },
    "myth_one_minus_auc": {
      "form": "L(N) = E + A * N^(-alpha)",
      "E": 0.3600460336336217,
      "A": 0.548435072886575,
      "alpha": 0.2134795560053774,
      "rmse": 0.0005110121256512307,
      "rss": 1.305666962812946e-06,
      "n_points": 5,
      "dof": 2,
      "fitted": [
        0.3984759067710868,
        0.3923617085411234,
        0.38821709535820265,
        0.386146236143781,
        0.38232593871601833
      ],
      "observed": [
        0.39871284751664726,
        0.3916316441669071,
        0.3883211088298829,
        0.38690204417368423,
        0.3819592406453264
      ],
      "N": [
        255745.0,
        575873.0,
        1095361.0,
        1566337.0,
        3287297.0
      ],
      "ok": true
    },
    "all_logloss": {
      "form": "L(N) = E + A * N^(-alpha)",
      "E": 0.5486812656374609,
      "A": 0.012451318698227168,
      "alpha": 0.13777289504588805,
      "rmse": 0.0010186287242481588,
      "rss": 5.188022389317158e-06,
      "n_points": 5,
      "dof": 2,
      "fitted": [
        0.5509208431706606,
        0.5506838852314243,
        0.5505141204274068,
        0.5504259950395053,
        0.5502565957747833
      ],
      "observed": [
        0.5512737942415101,
        0.5506822212482978,
        0.5486812787189579,
        0.5517152484156558,
        0.5504614424635976
      ],
      "N": [
        255745.0,
        575873.0,
        1095361.0,
        1566337.0,
        3287297.0
      ],
      "ok": true
    },
    "all_one_minus_auc": {
      "form": "L(N) = E + A * N^(-alpha)",
      "E": 0.2243792702349807,
      "A": 6.279839799362358,
      "alpha": 0.599039700190189,
      "rmse": 0.0009084445447106229,
      "rss": 4.126357454072454e-06,
      "n_points": 5,
      "dof": 2,
      "fitted": [
        0.22799717716110282,
        0.22660403539775995,
        0.22589288022765758,
        0.2256009753377024,
        0.2251628862767384
      ],
      "observed": [
        0.22814583210197725,
        0.2265887043317777,
        0.22437927034288463,
        0.22693154019706463,
        0.22536929943714712
      ],
      "N": [
        255745.0,
        575873.0,
        1095361.0,
        1566337.0,
        3287297.0
      ],
      "ok": true
    }
  },
  "joint_all_transformers_myth_logloss": {
    "form": "L(N, D) = E + A*N^(-alpha) + B*D^(-beta)",
    "E": 0.6573427107933602,
    "A": 11.085827198874942,
    "alpha": 0.5920040073018324,
    "B": 0.18232313726827837,
    "beta": 0.17891850442205443,
    "rmse": 0.0008075941765950408,
    "rss": 8.478708602912886e-06,
    "n_points": 13,
    "dof": 8,
    "fitted": [
      0.6781118789477233,
      0.6754281611470946,
      0.6780930864910659,
      0.6780744289223358,
      0.6754144870240992,
      0.6740495877586155,
      0.6734873118724344,
      0.6726403071761454,
      0.6780930864910659,
      0.6781482806958993,
      0.6754413755191357,
      0.6726436480827578,
      0.6829660749704672
    ],
    "observed": [
      0.67894461532116,
      0.6768990554134675,
      0.6785291260278492,
      0.6762998786714866,
      0.6741651614450079,
      0.6733863292126768,
      0.6736579882359238,
      0.6725395515745035,
      0.6781331700304796,
      0.6784806200159537,
      0.6757322236591737,
      0.6728579202321237,
      0.6829660749600933
    ],
    "N": [
      253441.0,
      572801.0,
      254593.0,
      255745.0,
      575873.0,
      1095361.0,
      1566337.0,
      3287297.0,
      254593.0,
      251233.0,
      569857.0,
      3275265.0,
      251617.0
    ],
    "D": [
      1871616.0,
      1871616.0,
      1871616.0,
      1871616.0,
      1871616.0,
      1871616.0,
      1871616.0,
      1871616.0,
      1871616.0,
      1871616.0,
      1871616.0,
      1871616.0,
      348906.0
    ],
    "ok": true
  },
  "joint_all_transformers_myth_one_minus_auc": {
    "form": "L(N, D) = E + A*N^(-alpha) + B*D^(-beta)",
    "E": 0.27449736814432074,
    "A": 8.185049712153122,
    "alpha": 0.4536707865015302,
    "B": 0.33103566455985073,
    "beta": 0.08201094631481319,
    "rmse": 0.0031242022546024537,
    "rss": 0.0001268883164596197,
    "n_points": 13,
    "dof": 8,
    "fitted": [
      0.40470431155330405,
      0.3957568336189616,
      0.40464483787350586,
      0.4045857541104688,
      0.39570838820527743,
      0.3906635415944483,
      0.3884325438744015,
      0.3848155546861774,
      0.40464483787350586,
      0.40481940862426385,
      0.3958036162093087,
      0.3848306179422197,
      0.4197567961386129
    ],